"GEO_ID","NAME","PBG73_001N","PBG73_002N","PBG73_003N","PBG73_004N","PBG73_005N","PBG73_006N","PBG73_007N","PBG73_008N","PBG73_009N","PBG73_010N","PBG73_011N","PBG73_012N","PBG73_013N","PBG73_014N","PBG73_015N","PBG73_016N","PBG73_017N","PBG73_018N","PBG73_019N","PBG73_020N","PBG73_021N","PBG73_022N","PBG73_023N","PBG73_024N","PBG73_025N","PBG73_026N","PBG73_027N","PBG73_028N","PBG73_029N","PBG73_030N","PBG73_031N",
"Geography","Geographic Area Name"," !!Total:"," !!Total:!!Income in 2019 below poverty level:"," !!Total:!!Income in 2019 below poverty level:!!Male:"," !!Total:!!Income in 2019 below poverty level:!!Male:!!Under 5 years"," !!Total:!!Income in 2019 below poverty level:!!Male:!!5 years"," !!Total:!!Income in 2019 below poverty level:!!Male:!!6 to 11 years"," !!Total:!!Income in 2019 below poverty level:!!Male:!!12 to 17 years"," !!Total:!!Income in 2019 below poverty level:!!Male:!!18 to 64 years"," !!Total:!!Income in 2019 below poverty level:!!Male:!!65 years and over"," !!Total:!!Income in 2019 below poverty level:!!Female:"," !!Total:!!Income in 2019 below poverty level:!!Female:!!Under 5 years"," !!Total:!!Income in 2019 below poverty level:!!Female:!!5 years"," !!Total:!!Income in 2019 below poverty level:!!Female:!!6 to 11 years"," !!Total:!!Income in 2019 below poverty level:!!Female:!!12 to 17 years"," !!Total:!!Income in 2019 below poverty level:!!Female:!!18 to 64 years"," !!Total:!!Income in 2019 below poverty level:!!Female:!!65 years and over"," !!Total:!!Income in 2019 at or above poverty level:"," !!Total:!!Income in 2019 at or above poverty level:!!Male:"," !!Total:!!Income in 2019 at or above poverty level:!!Male:!!Under 5 years"," !!Total:!!Income in 2019 at or above poverty level:!!Male:!!5 years"," !!Total:!!Income in 2019 at or above poverty level:!!Male:!!6 to 11 years"," !!Total:!!Income in 2019 at or above poverty level:!!Male:!!12 to 17 years"," !!Total:!!Income in 2019 at or above poverty level:!!Male:!!18 to 64 years"," !!Total:!!Income in 2019 at or above poverty level:!!Male:!!65 years and over"," !!Total:!!Income in 2019 at or above poverty level:!!Female:"," !!Total:!!Income in 2019 at or above poverty level:!!Female:!!Under 5 years"," !!Total:!!Income in 2019 at or above poverty level:!!Female:!!5 years"," !!Total:!!Income in 2019 at or above poverty level:!!Female:!!6 to 11 years"," !!Total:!!Income in 2019 at or above poverty level:!!Female:!!12 to 17 years"," !!Total:!!Income in 2019 at or above poverty level:!!Female:!!18 to 64 years"," !!Total:!!Income in 2019 at or above poverty level:!!Female:!!65 years and over",
"1400000US66010950100","Census Tract 9501, Guam, Guam","80","23","12","0","0","1","2","9","0","11","0","0","0","1","10","0","57","31","3","0","2","2","21","3","26","0","0","5","3","14","4",
"1400000US66010950200","Census Tract 9502, Guam, Guam","102","16","9","2","0","2","2","3","0","7","1","0","1","2","2","1","86","42","5","0","3","7","23","4","44","7","1","4","5","21","6",
"1400000US66010950300","Census Tract 9503, Guam, Guam","6","0","0","0","0","0","0","0","0","0","0","0","0","0","0","0","6","5","0","0","0","0","5","0","1","0","0","0","0","1","0",
"1400000US66010950401","Census Tract 9504.01, Guam, Guam","5688","1153","538","73","9","81","76","255","44","615","91","17","69","65","305","68","4535","2282","128","31","185","205","1497","236","2253","128","22","164","188","1477","274",
"1400000US66010950402","Census Tract 9504.02, Guam, Guam","6579","1837","877","154","31","175","125","352","40","960","134","31","154","137","458","46","4742","2417","181","32","211","235","1562","196","2325","150","32","226","220","1512","185",
"1400000US66010950501","Census Tract 9505.01, Guam, Guam","1803","646","297","46","10","44","52","132","13","349","36","15","61","49","166","22","1157","609","45","9","60","62","393","40","548","42","11","48","55","341","51",
"1400000US66010950502","Census Tract 9505.02, Guam, Guam","5285","1035","486","47","11","70","86","237","35","549","46","10","78","76","302","37","4250","2188","135","19","146","208","1455","225","2062","110","14","157","174","1365","242",
"1400000US66010950701","Census Tract 9507.01, Guam, Guam","5187","730","311","31","5","37","39","159","40","419","40","8","38","49","227","57","4457","2222","153","29","194","189","1397","260","2235","126","33","178","200","1387","311",
"1400000US66010950702","Census Tract 9507.02, Guam, Guam","3978","1042","489","70","18","80","68","227","26","553","74","21","83","74","274","27","2936","1504","109","18","148","148","934","147","1432","93","16","133","133","920","137",
"1400000US66010950801","Census Tract 9508.01, Guam, Guam","3898","972","452","60","15","71","79","208","19","520","57","17","76","64","270","36","2926","1480","93","22","127","138","968","132","1446","87","18","123","143","917","158",
"1400000US66010950802","Census Tract 9508.02, Guam, Guam","4099","1358","639","68","17","97","107","269","81","719","63","15","104","73","347","117","2741","1345","59","16","112","142","834","182","1396","68","17","92","120","863","236",
"1400000US66010950900","Census Tract 9509, Guam, Guam","4638","866","387","42","3","44","70","193","35","479","34","11","51","60","247","76","3772","1866","90","14","117","152","1158","335","1906","75","19","105","152","1172","383",
"1400000US66010951000","Census Tract 9510, Guam, Guam","3400","719","355","30","8","54","53","161","49","364","25","7","45","35","184","68","2681","1360","66","11","99","151","852","181","1321","47","12","98","117","832","215",
"1400000US66010951100","Census Tract 9511, Guam, Guam","6472","1152","532","55","14","73","86","247","57","620","55","7","81","76","346","55","5320","2677","136","36","156","260","1762","327","2643","126","22","205","199","1738","353",
"1400000US66010951600","Census Tract 9516, Guam, Guam","N","N","N","N","N","N","N","N","N","N","N","N","N","N","N","N","N","N","N","N","N","N","N","N","N","N","N","N","N","N","N",
"1400000US66010951700","Census Tract 9517, Guam, Guam","2014","281","133","13","6","18","24","62","10","148","9","3","16","28","78","14","1733","885","59","16","68","78","535","129","848","30","10","50","64","544","150",
"1400000US66010951800","Census Tract 9518, Guam, Guam","92","10","5","0","0","0","0","4","1","5","0","0","0","2","2","1","82","40","3","0","4","1","28","4","42","6","0","2","5","24","5",
"1400000US66010951901","Census Tract 9519.01, Guam, Guam","N","N","N","N","N","N","N","N","N","N","N","N","N","N","N","N","N","N","N","N","N","N","N","N","N","N","N","N","N","N","N",
"1400000US66010951902","Census Tract 9519.02, Guam, Guam","N","N","N","N","N","N","N","N","N","N","N","N","N","N","N","N","N","N","N","N","N","N","N","N","N","N","N","N","N","N","N",
"1400000US66010952200","Census Tract 9522, Guam, Guam","3253","613","284","33","7","38","34","148","24","329","24","3","28","34","190","50","2640","1318","57","14","95","125","877","150","1322","40","21","89","93","887","192",
"1400000US66010952300","Census Tract 9523, Guam, Guam","2811","502","221","27","7","42","24","96","25","281","37","7","26","21","142","48","2309","1160","62","8","80","107","721","182","1149","49","12","104","67","750","167",
"1400000US66010952400","Census Tract 9524, Guam, Guam","N","N","N","N","N","N","N","N","N","N","N","N","N","N","N","N","N","N","N","N","N","N","N","N","N","N","N","N","N","N","N",
"1400000US66010952700","Census Tract 9527, Guam, Guam","4302","758","345","57","11","42","35","171","29","413","51","8","41","49","219","45","3544","1784","132","30","163","171","1101","187","1760","103","13","151","186","1100","207",
"1400000US66010952800","Census Tract 9528, Guam, Guam","null","null","null","null","null","null","null","null","null","null","null","null","null","null","null","null","null","null","null","null","null","null","null","null","null","null","null","null","null","null","null",
"1400000US66010952900","Census Tract 9529, Guam, Guam","4430","689","317","41","13","47","28","153","35","372","39","9","47","35","198","44","3741","1886","129","21","137","175","1230","194","1855","106","20","143","150","1179","257",
"1400000US66010953000","Census Tract 9530, Guam, Guam","3251","727","328","42","11","42","45","162","26","399","38","8","46","34","222","51","2524","1226","69","20","79","121","823","114","1298","82","21","98","100","829","168",
"1400000US66010953101","Census Tract 9531.01, Guam, Guam","3947","585","284","28","4","44","56","140","12","301","26","6","39","37","166","27","3362","1712","97","9","131","171","1133","171","1650","86","14","119","146","1079","206",
"1400000US66010953102","Census Tract 9531.02, Guam, Guam","3074","471","229","25","5","36","34","105","24","242","16","4","36","35","124","27","2603","1327","97","18","125","120","831","136","1276","54","23","123","139","812","125",
"1400000US66010953200","Census Tract 9532, Guam, Guam","2597","503","228","40","8","31","32","101","16","275","19","7","47","28","137","37","2094","1020","74","12","87","71","646","130","1074","59","25","105","85","656","144",
"1400000US66010953300","Census Tract 9533, Guam, Guam","3764","998","473","64","13","75","76","203","42","525","53","13","64","62","286","47","2766","1428","92","22","96","131","932","155","1338","80","16","103","110","858","171",
"1400000US66010953400","Census Tract 9534, Guam, Guam","N","N","N","N","N","N","N","N","N","N","N","N","N","N","N","N","N","N","N","N","N","N","N","N","N","N","N","N","N","N","N",
"1400000US66010953500","Census Tract 9535, Guam, Guam","null","null","null","null","null","null","null","null","null","null","null","null","null","null","null","null","null","null","null","null","null","null","null","null","null","null","null","null","null","null","null",
"1400000US66010953600","Census Tract 9536, Guam, Guam","3574","553","259","40","4","37","32","130","16","294","34","6","37","40","147","30","3021","1530","81","22","115","136","1002","174","1491","74","11","130","144","893","239",
"1400000US66010953900","Census Tract 9539, Guam, Guam","4174","1048","467","79","18","75","90","183","22","581","73","14","93","89","284","28","3126","1574","98","18","155","149","960","194","1552","95","23","130","142","983","179",
"1400000US66010954000","Census Tract 9540, Guam, Guam","2102","257","124","13","6","30","16","54","5","133","11","4","21","11","65","21","1845","936","61","13","102","86","559","115","909","57","10","86","75","548","133",
"1400000US66010954300","Census Tract 9543, Guam, Guam","1526","252","117","14","3","13","14","68","5","135","27","3","16","20","61","8","1274","641","37","5","57","62","414","66","633","46","11","45","56","384","91",
"1400000US66010954400","Census Tract 9544, Guam, Guam","50","9","5","1","0","1","1","2","0","4","0","0","0","2","2","0","41","22","2","0","2","1","14","3","19","0","0","1","1","14","3",
"1400000US66010954500","Census Tract 9545, Guam, Guam","83","30","14","4","1","4","1","3","1","16","5","0","1","0","10","0","53","29","3","1","4","1","18","2","24","2","0","4","2","16","0",
"1400000US66010954700","Census Tract 9547, Guam, Guam","2061","441","203","31","4","24","24","101","19","238","21","5","35","38","122","17","1620","833","56","6","72","68","513","118","787","46","10","56","73","455","147",
"1400000US66010954800","Census Tract 9548, Guam, Guam","2416","863","400","69","16","75","59","159","22","463","68","17","88","66","199","25","1553","776","55","11","74","66","465","105","777","42","8","60","58","476","133",
"1400000US66010955100","Census Tract 9551, Guam, Guam","3518","592","294","32","5","54","42","151","10","298","21","10","44","47","158","18","2926","1513","109","16","146","140","951","151","1413","85","21","140","130","870","167",
"1400000US66010955200","Census Tract 9552, Guam, Guam","2295","506","235","30","6","30","46","112","11","271","33","9","33","24","151","21","1789","938","69","17","75","97","586","94","851","56","13","81","84","526","91",
"1400000US66010955300","Census Tract 9553, Guam, Guam","1600","433","217","42","9","39","35","79","13","216","22","6","30","25","118","15","1167","587","29","7","40","61","371","79","580","27","6","49","52","373","73",
"1400000US66010955400","Census Tract 9554, Guam, Guam","N","N","N","N","N","N","N","N","N","N","N","N","N","N","N","N","N","N","N","N","N","N","N","N","N","N","N","N","N","N","N",
"1400000US66010955600","Census Tract 9556, Guam, Guam","1001","147","67","7","5","10","13","32","0","80","10","2","12","8","40","8","854","444","21","6","48","39","285","45","410","24","8","23","48","249","58",
"1400000US66010955700","Census Tract 9557, Guam, Guam","4901","889","399","40","13","59","57","203","27","490","48","10","70","56","271","35","4012","2076","98","22","118","202","1357","279","1936","80","20","129","137","1259","311",
"1400000US66010955800","Census Tract 9558, Guam, Guam","7738","1211","589","67","20","97","89","262","54","622","75","11","78","85","313","60","6527","3324","201","44","267","347","2142","323","3203","177","43","255","284","2083","361",
"1400000US66010955900","Census Tract 9559, Guam, Guam","3150","446","212","18","4","20","24","112","34","234","16","1","19","17","148","33","2704","1406","45","16","70","87","979","209","1298","50","9","82","74","894","189",
"1400000US66010956000","Census Tract 9560, Guam, Guam","2524","724","326","65","9","69","58","117","8","398","64","12","90","45","164","23","1800","895","72","17","85","72","556","93","905","81","18","55","71","586","94",
"1400000US66010956100","Census Tract 9561, Guam, Guam","1981","332","163","32","12","31","14","65","9","169","16","6","23","24","89","11","1649","838","52","12","59","78","524","113","811","38","9","56","80","487","141",
"1400000US66010956200","Census Tract 9562, Guam, Guam","3488","413","224","20","4","43","33","106","18","189","13","4","22","20","114","16","3075","1522","82","18","160","167","873","222","1553","112","19","140","129","897","256",
"1400000US66010956300","Census Tract 9563, Guam, Guam","2346","503","222","26","2","45","28","108","13","281","48","6","41","23","150","13","1843","928","54","16","89","80","590","99","915","67","10","104","88","554","92",
"1400000US66010980100","Census Tract 9801, Guam, Guam","42","9","3","1","0","0","0","2","0","6","0","0","3","1","2","0","33","15","0","0","1","0","12","2","18","0","1","2","1","11","3",
"1400000US66010980200","Census Tract 9802, Guam, Guam","0","0","0","0","0","0","0","0","0","0","0","0","0","0","0","0","0","0","0","0","0","0","0","0","0","0","0","0","0","0","0",
"1400000US66010980300","Census Tract 9803, Guam, Guam","0","0","0","0","0","0","0","0","0","0","0","0","0","0","0","0","0","0","0","0","0","0","0","0","0","0","0","0","0","0","0",
"1400000US66010980400","Census Tract 9804, Guam, Guam","0","0","0","0","0","0","0","0","0","0","0","0","0","0","0","0","0","0","0","0","0","0","0","0","0","0","0","0","0","0","0",
"1400000US66010990000","Census Tract 9900, Guam, Guam","0","0","0","0","0","0","0","0","0","0","0","0","0","0","0","0","0","0","0","0","0","0","0","0","0","0","0","0","0","0","0",
